{
  "test/testsuite.qunit-dbg.js": 1725049916606,
  "test/integration/opaTests.qunit.js": 1725049916614,
  "test/integration/pages/RM_RisksList.js": 1725049916626,
  "test/integration/pages/RM_RisksObjectPage.js": 1725049916626,
  "test/integration/FirstJourney.js": 1725049916630,
  "test/testsuite.qunit.js": 1725049916606,
  "xs-app.json": 1725339365925,
  "manifest.json": 1725339365977,
  "Component.js": 1725049916570,
  "test/integration/FirstJourney-dbg.js": 1725049916630,
  "test/integration/FirstJourney.js.map": 1725339385513,
  "test/integration/pages/RM_RisksList-dbg.js": 1725049916626,
  "test/integration/pages/RM_RisksList.js.map": 1725339385511,
  "test/integration/pages/RM_RisksObjectPage-dbg.js": 1725049916626,
  "test/integration/pages/RM_RisksObjectPage.js.map": 1725339385510,
  "test/integration/opaTests.qunit-dbg.js": 1725049916614,
  "test/integration/opaTests.qunit.js.map": 1725339385516,
  "i18n/i18n.properties": 1725049941026,
  "test/testsuite.qunit.js.map": 1725339385514,
  "Component-dbg.js": 1725049916570,
  "Component.js.map": 1725339385513,
  "Component-preload.js": 1725339385582,
  "Component-preload.js.map": 1725339385582,
  "test/integration/opaTests.qunit.html": 1725049916614,
  "test/testsuite.qunit.html": 1725049916598,
  "test/flpSandbox.html": 1725049916598,
  "index.html": 1725049916570
}